{
  "April_2024": {
    "DIVISION": "D14",
    "PREMISES_TYPE": "Apartment",
    "APPREHENSION_TYPE": "Mha Sec 17 (Power Of App)",
    "SEX": "Male",
    "AGE_COHORT": "25-34",
    "NEIGHBOURHOOD_158": "South Parkdale",
    "Apprehension_Type_Recoded": "Police Officer's Power of Apprehension",
    "Division_Recoded": "350 Dovercourt Rd"
  },
  "May_2024": {
    "DIVISION": "D14",
    "PREMISES_TYPE": "Apartment",
    "APPREHENSION_TYPE": "Mha Sec 17 (Power Of App)",
    "SEX": "Male",
    "AGE_COHORT": "25-34",
    "NEIGHBOURHOOD_158": "Annex",
    "Apprehension_Type_Recoded": "Police Officer's Power of Apprehension",
    "Division_Recoded": "350 Dovercourt Rd"
  },
  "June_2024": {
    "DIVISION": "D14",
    "PREMISES_TYPE": "Apartment",
    "APPREHENSION_TYPE": "Mha Sec 17 (Power Of App)",
    "SEX": "Male",
    "AGE_COHORT": "25-34",
    "NEIGHBOURHOOD_158": "South Parkdale",
    "Apprehension_Type_Recoded": "Police Officer's Power of Apprehension",
    "Division_Recoded": "350 Dovercourt Rd"
  },
  "July_2024": {
    "DIVISION": "D14",
    "PREMISES_TYPE": "Apartment",
    "APPREHENSION_TYPE": "Mha Sec 17 (Power Of App)",
    "SEX": "Male",
    "AGE_COHORT": "25-34",
    "NEIGHBOURHOOD_158": "South Parkdale",
    "Apprehension_Type_Recoded": "Police Officer's Power of Apprehension",
    "Division_Recoded": "350 Dovercourt Rd"
  },
  "August_2024": {
    "DIVISION": "D14",
    "PREMISES_TYPE": "Apartment",
    "APPREHENSION_TYPE": "Mha Sec 17 (Power Of App)",
    "SEX": "Male",
    "AGE_COHORT": "25-34",
    "NEIGHBOURHOOD_158": "South Parkdale",
    "Apprehension_Type_Recoded": "Police Officer's Power of Apprehension",
    "Division_Recoded": "350 Dovercourt Rd"
  },
  "September_2024": {
    "DIVISION": "D14",
    "PREMISES_TYPE": "Apartment",
    "APPREHENSION_TYPE": "Mha Sec 17 (Power Of App)",
    "SEX": "Male",
    "AGE_COHORT": "25-34",
    "NEIGHBOURHOOD_158": "South Parkdale",
    "Apprehension_Type_Recoded": "Police Officer's Power of Apprehension",
    "Division_Recoded": "350 Dovercourt Rd"
  },
  "October_2024": {
    "DIVISION": "D14",
    "PREMISES_TYPE": "Apartment",
    "APPREHENSION_TYPE": "Mha Sec 17 (Power Of App)",
    "SEX": "Male",
    "AGE_COHORT": "25-34",
    "NEIGHBOURHOOD_158": "South Parkdale",
    "Apprehension_Type_Recoded": "Police Officer's Power of Apprehension",
    "Division_Recoded": "350 Dovercourt Rd"
  },
  "November_2024": {
    "DIVISION": "D14",
    "PREMISES_TYPE": "Apartment",
    "APPREHENSION_TYPE": "Mha Sec 17 (Power Of App)",
    "SEX": "Male",
    "AGE_COHORT": "25-34",
    "NEIGHBOURHOOD_158": "Kensington-Chinatown",
    "Apprehension_Type_Recoded": "Police Officer's Power of Apprehension",
    "Division_Recoded": "350 Dovercourt Rd"
  },
  "December_2024": {
    "DIVISION": "D14",
    "PREMISES_TYPE": "Apartment",
    "APPREHENSION_TYPE": "Mha Sec 17 (Power Of App)",
    "SEX": "Male",
    "AGE_COHORT": "25-34",
    "NEIGHBOURHOOD_158": "South Parkdale",
    "Apprehension_Type_Recoded": "Police Officer's Power of Apprehension",
    "Division_Recoded": "350 Dovercourt Rd"
  },
  "January_2025": {
    "DIVISION": "D14",
    "PREMISES_TYPE": "Apartment",
    "APPREHENSION_TYPE": "Mha Sec 17 (Power Of App)",
    "SEX": "Male",
    "AGE_COHORT": "25-34",
    "NEIGHBOURHOOD_158": "South Parkdale",
    "Apprehension_Type_Recoded": "Police Officer's Power of Apprehension",
    "Division_Recoded": "350 Dovercourt Rd"
  },
  "February_2025": {
    "DIVISION": "D14",
    "PREMISES_TYPE": "Apartment",
    "APPREHENSION_TYPE": "Mha Sec 17 (Power Of App)",
    "SEX": "Male",
    "AGE_COHORT": "25-34",
    "NEIGHBOURHOOD_158": "South Parkdale",
    "Apprehension_Type_Recoded": "Police Officer's Power of Apprehension",
    "Division_Recoded": "350 Dovercourt Rd"
  },
  "March_2025": {
    "DIVISION": "D14",
    "PREMISES_TYPE": "Apartment",
    "APPREHENSION_TYPE": "Mha Sec 17 (Power Of App)",
    "SEX": "Male",
    "AGE_COHORT": "25-34",
    "NEIGHBOURHOOD_158": "South Parkdale",
    "Apprehension_Type_Recoded": "Police Officer's Power of Apprehension",
    "Division_Recoded": "350 Dovercourt Rd"
  }
}